"id","name"
"d0314416a7f26527","Michael McDonald"
"0778f94eb5d588a5","Joey Gomez"
"fb3e61720be4690c","Mike Davis"
"3b0a516d2921e0d6","Batgerel Danaa"
"e4ba58725825412d","Dan Argueta"
"ec0dcceace7d25a3","Liang Na"
"74f9448b97bf8bec","Da Woon Jung"
"eb04b9d31e938edb","Michelle Waterson-Gomez"
"7debc13b36343605","Cristian Quinonez"
"1e719d4b676dc19a","Brunno Ferreira"
"c051c2e12d692b8a","Jesus Aguilar"
"285ae0b4a68221f4","JunYong Park"
"48a9a128784d53d1","Elves Brener"
"4798e823ada58fe9","Veronica Hardy"
"c739c2995a275314","Yanal Ashmouz"
"31bb0772f21cabd8","Daniel Lacerda"
"3143bf892608139a","Yana Santos"
"32ab52e5de93092d","Steve Erceg"
"a93f94c923c3a9cb","Christian Leroy Duncan"
"e0c6edcb5b5d0b90","Chepe Mariscal"
"0d5cc0170c1a7e71","Mick Parkin"
"1235b31de15d0c6e","Montserrat Conejo Ruiz"
"feedf3053472fe56","Charles Radtke"
"43a59ce3bb40449e","Mizuki"
"4948e412fa6ab67d","Ravena Oliveira"
"52ef95b5860fb28c","Jean Silva"
"e2be0c1a9b886d92","MarQuel Mederos"
"0e46690e55a8df75","Timmy Cuamba"
"8a65fd9ba31fd3f7","Zhang Mingyang"
"442c9011034ae1fd","Ian Machado Garry"
"f2900678e98f6d6a","Ronaldo Rodriguez"
"18d01f7f8338ae72","Vinicius Oliveira"
"8d3273573b85be09","Asu Almabayev"
"e872e9a9a902c045","Katlyn Cerminara"
"6ad8e4296f7522d9","Igor Severino"
"07047eb7d17fb0a2","Daria Zhelezniakova"
"bd532e9a2b93870c","Melissa Mullins"
"25f9a5f3e8a52618","Jhonata Diniz"
"6551c64fbcd1a467","Ariane da Silva"
"fa07345cc9db5cc9","Billy Ray Goff"
"31ef8b67e13495b3","Tecia Pennington"
"02bb48869eb7ac8f","Rayanne dos Santos"
"117a06469813e4ef","ChangHo Lee"
"887961364be5ceb3","King Green"
"1b35af4d1529adf6","Stephanie Luciano"
"23dec7c47cb418f8","Zachary Reese"
"baa9be02c3e3e038","Jose Daniel Medina"
"0cd0456d6029cec2","Robert Valentin"
"3f11fd1751fa83b1","Yizha"
"a13d755965a4ec9f","Rongzhu"
